品牌,网址,内容
苹果,https://support.apple.com/zh-cn/safari,Safari 浏览器支持问题聚合页
,https://support.apple.com/zh-cn/HT203987,Safari 浏览器支持具体问题
,https://support.apple.com/zh-cn/HT204416,Safari 浏览器支持具体问题
,https://support.apple.com/zh-cn/HT211788,Safari 浏览器支持具体问题
,https://support.apple.com/zh-cn/HT203051,Safari 浏览器支持具体问题
,https://support.apple.com/zh-cn/HT203987,Safari 浏览器支持具体问题
,https://support.apple.com/zh-cn/guide/safari/sfri35905/14.0/mac/11.0,Safari 浏览器支持具体问题
,https://support.apple.com/zh-cn/guide/safari/ibrw1015/14.0/mac/11.0,Safari 浏览器支持具体问题
,https://support.apple.com/zh-cn/guide/safari/ibrwf71ba236/14.0/mac/11.0,Safari 浏览器支持具体问题
,https://support.apple.com/zh-cn/guide/safari/sfri40732/14.0/mac/11.0,Safari 浏览器支持具体问题
,https://support.apple.com/zh-cn/guide/safari/ibrw35004465/mac,Safari 浏览器支持具体问题
,https://support.apple.com/zh-cn/guide/safari/ibrw646b2ca2/14.0/mac/11.0,Safari 浏览器支持具体问题
,https://support.apple.com/zh-cn/guide/safari/sfri47acf5d6/mac,Safari 浏览器支持具体问题
,https://support.apple.com/zh-cn/guide/safari/sfri11471/mac,Safari 浏览器支持具体问题
小米,https://i.mi.com/guide/zh-CN/note/overview,云服务相关具体问题
,https://i.mi.com/guide/zh-CN/xiaomicloud/overview,云服务相关具体问题
,https://i.mi.com/guide/zh-CN/account/overview,云服务相关具体问题
,https://i.mi.com/guide/zh-CN/find/overview,云服务相关具体问题
,https://i.mi.com/guide/zh-CN/gallery/overview,云服务相关具体问题
,https://i.mi.com/guide/zh-CN/contact/overview,云服务相关具体问题
,https://i.mi.com/guide/zh-CN/note/overview,云服务相关具体问题
,https://i.mi.com/guide/zh-CN/record/overview,云服务相关具体问题
,https://i.mi.com/guide/zh-CN/sms/overview,云服务相关具体问题
,https://i.mi.com/guide/zh-CN/cloudinput,云服务相关具体问题
,https://i.mi.com/guide/zh-CN/backup/overview,云服务相关具体问题
,https://i.mi.com/guide/zh-CN/membership/overview,云服务相关具体问题
,https://i.mi.com/guide/zh-CN/drive/overview,云服务相关具体问题
,https://i.mi.com/guide/zh-CN/family/overview,云服务相关具体问题
,https://i.mi.com/guide/zh-CN/cloudspace/overview,云服务相关具体问题
华为,https://consumer.huawei.com/cn/support/wearables/kids-watch-4x/,华为儿童手表问题聚合页
,https://consumer.huawei.com/cn/support/content/zh-cn00803503/,华为儿童手表具体问题
,https://consumer.huawei.com/cn/support/content/zh-cn00733859/,华为儿童手表具体问题
,https://consumer.huawei.com/cn/support/content/zh-cn01057340/,华为儿童手表具体问题
,https://consumer.huawei.com/cn/support/content/zh-cn00733872/,华为儿童手表具体问题
,https://consumer.huawei.com/cn/support/content/zh-cn00733892/,华为儿童手表具体问题
,https://consumer.huawei.com/cn/support/content/zh-cn15775058/,华为儿童手表具体问题
,https://consumer.huawei.com/cn/support/content/zh-cn15502343/,华为儿童手表具体问题
,https://consumer.huawei.com/cn/support/content/zh-cn00749581/,华为儿童手表具体问题
,https://consumer.huawei.com/cn/support/content/zh-cn00794762/,华为儿童手表具体问题
,https://consumer.huawei.com/cn/support/content/zh-cn15810164/,华为儿童手表具体问题
,https://consumer.huawei.com/cn/support/content/zh-cn00736819/,华为儿童手表具体问题
,https://consumer.huawei.com/cn/support/content/zh-cn00734127/,华为儿童手表具体问题
,https://consumer.huawei.com/cn/support/content/zh-cn00734097/,华为儿童手表具体问题
,https://consumer.huawei.com/cn/support/content/zh-cn00734123/,华为儿童手表具体问题
,https://consumer.huawei.com/cn/support/content/zh-cn00734135/,华为儿童手表具体问题
,https://consumer.huawei.com/cn/support/content/zh-cn00734069/,华为儿童手表具体问题
,https://consumer.huawei.com/cn/support/content/zh-cn00733908/,华为儿童手表具体问题
,https://consumer.huawei.com/cn/support/content/zh-cn00733911/,华为儿童手表具体问题
,https://consumer.huawei.com/cn/support/content/zh-cn00733908/,华为儿童手表具体问题
,https://consumer.huawei.com/cn/support/content/zh-cn00734060/,华为儿童手表具体问题
,https://consumer.huawei.com/cn/support/content/zh-cn00798837/,华为儿童手表具体问题
,https://consumer.huawei.com/cn/support/content/zh-cn15757286/,华为儿童手表具体问题